ts,smsc,si,was,press,wmins,wgust,dwgust,leaf,wdir,wdsd,sun,temp,dmintemp,dmaxtemp,soilt,rf,drf,soilw,dp,rh,dminrh,dmaxrh,pwr,vbatt
2026-09-27T00:12,97,30,11,1015,0,25,14,15,82,4,10,25.0,25.0,25.0,28.0,0.0,0.0,51.0,19.9,74.6,74.0,75.0,B,10.8
2026-09-27T00:42,97,30,10,1015,4,22,22,15,52,2,10,25.0,25.0,25.0,28.0,0.0,0.0,51.0,20.0,75.0,74.0,75.0,B,10.8
2026-09-27T01:12,97,30,12,1015,4,25,25,15,22,3,10,25.0,25.0,25.0,28.0,0.0,0.0,51.0,20.0,75.1,74.0,76.0,B,10.8
2026-09-27T01:42,97,30,13,1015,4,29,29,14,22,5,10,25.0,25.0,25.0,28.0,0.0,0.0,51.0,20.3,76.6,74.0,78.0,B,10.8
2026-09-27T02:12,97,30,15,1015,4,29,29,14,38,8,10,25.0,25.0,25.0,28.0,0.0,0.0,51.0,20.6,77.8,74.0,78.0,B,10.8
2026-09-27T02:42,97,30,14,1014,4,29,29,13,10,8,10,25.0,25.0,25.0,28.0,0.0,0.0,51.0,20.8,78.9,74.0,79.0,B,10.8
2026-09-27T03:12,97,30,18,1013,7,36,36,14,18,6,10,25.0,25.0,25.0,28.0,0.0,0.0,51.0,20.7,78.5,74.0,79.0,B,10.8
2026-09-27T03:42,97,30,15,1013,4,29,36,14,12,6,10,25.0,25.0,25.0,28.0,0.0,0.0,51.0,20.8,79.0,74.0,79.0,B,10.8
2026-09-27T04:12,97,30,14,1013,7,29,36,14,20,12,10,25.0,25.0,25.0,28.0,0.0,0.0,51.0,20.8,79.0,74.0,79.0,B,10.8
2026-09-27T04:42,97,30,11,1013,4,25,36,13,48,5,10,25.0,25.0,25.0,28.0,0.0,0.0,51.0,20.9,79.5,74.0,80.0,B,10.8
2026-09-27T05:12,97,30,10,1013,4,22,36,13,36,0,10,25.0,25.0,25.0,28.0,0.0,0.0,51.0,21.0,80.0,74.0,80.0,B,10.8
2026-09-27T05:43,97,30,10,1013,4,18,36,13,20,4,10,25.0,25.0,25.0,28.0,0.0,0.0,52.0,21.0,79.9,74.0,80.0,B,10.6
2026-09-27T06:13,97,30,8,1013,4,22,36,13,42,2,10,25.0,25.0,25.0,28.0,0.0,0.0,53.0,21.0,80.0,74.0,80.0,B,10.8
2026-09-27T06:43,97,30,11,1014,4,25,36,13,48,6,23,25.0,25.0,25.0,28.0,0.0,0.0,53.0,21.0,80.0,74.0,80.0,E,10.8
2026-09-27T07:13,97,30,13,1015,7,29,36,14,36,5,90,25.0,25.0,25.0,27.5,0.0,0.0,53.0,21.0,79.8,74.0,80.0,E,11.4
2026-09-27T07:43,97,30,11,1015,4,25,36,15,22,6,124,25.0,25.0,26.0,27.0,0.0,0.0,53.0,20.7,78.7,74.0,80.0,E,11.6
2026-09-27T08:13,97,30,10,1016,4,22,36,15,56,7,162,26.0,25.0,26.0,27.0,0.0,0.0,53.0,21.2,76.2,74.0,80.0,E,11.8
2026-09-27T08:43,97,30,6,1016,0,18,36,15,296,4,222,26.3,25.0,27.0,27.0,0.0,0.0,53.0,21.1,74.1,73.0,80.0,E,12.6
2026-09-27T09:13,97,30,9,1017,0,25,36,15,78,5,326,27.0,25.0,28.0,27.0,0.0,0.0,53.0,21.1,70.5,68.0,80.0,E,12.8
2026-09-27T09:43,97,30,10,1017,0,25,36,15,74,1,533,27.9,25.0,29.0,27.0,0.0,0.0,53.0,21.4,67.7,65.0,80.0,E,13
2026-09-27T10:13,97,30,12,1018,0,25,36,15,18,6,467,28.5,25.0,29.0,27.0,0.0,0.0,53.0,21.5,65.1,63.0,80.0,E,13
2026-09-27T10:43,97,30,10,1018,0,22,36,15,86,8,481,29.0,25.0,29.0,27.0,0.0,0.0,53.0,21.6,62.9,61.0,80.0,E,13
2026-09-27T11:13,97,30,12,1018,0,25,36,15,42,7,395,29.0,25.0,29.0,27.0,0.0,0.0,53.0,21.6,62.8,61.0,80.0,E,13
2026-09-27T11:43,97,30,14,1018,4,29,36,15,74,8,730,29.8,25.0,30.0,27.0,0.0,0.0,53.0,22.2,61.8,60.0,80.0,E,13
2026-09-27T12:13,97,30,10,1018,0,29,36,15,132,12,901,30.9,25.0,32.0,27.0,0.0,0.0,53.0,22.6,58.4,56.0,80.0,E,13
2026-09-27T12:43,97,30,10,1018,0,29,36,15,96,8,639,31.9,25.0,32.0,27.0,0.0,0.0,52.0,23.0,55.4,54.0,80.0,E,13
2026-09-27T13:14,97,30,14,1017,4,32,36,15,120,4,640,31.2,25.0,32.0,27.0,0.0,0.0,51.0,22.6,56.8,54.0,80.0,E,13
2026-09-27T13:44,97,30,13,1017,0,32,36,15,112,3,603,31.9,25.0,32.0,27.0,0.0,0.0,51.0,23.0,55.3,54.0,80.0,E,13
2026-09-27T14:14,97,30,12,1016,4,29,36,15,48,8,541,31.8,25.0,32.0,27.0,0.0,0.0,51.0,22.9,55.5,54.0,80.0,E,13
2026-09-27T14:44,97,30,17,1016,4,40,40,15,54,8,404,31.7,25.0,32.0,27.0,0.0,0.0,51.0,22.8,55.7,54.0,80.0,E,13
2026-09-27T15:14,97,30,18,1015,7,43,43,15,60,9,417,31.8,25.0,32.0,27.0,0.0,0.0,51.0,23.1,56.6,54.0,80.0,E,13
2026-09-27T15:44,97,30,23,1015,11,50,50,15,72,7,441,31.0,25.0,32.0,27.0,0.0,0.0,51.0,22.4,57.0,54.0,80.0,E,13
2026-09-27T16:14,97,30,23,1015,7,50,50,15,86,6,330,31.1,25.0,32.0,27.0,0.0,0.0,50.0,22.5,57.0,54.0,80.0,E,12.6
2026-09-27T16:44,97,30,25,1013,7,47,50,15,92,7,203,30.0,25.0,32.0,27.0,0.0,0.0,50.0,21.9,59.6,54.0,80.0,E,12
2026-09-27T17:14,97,30,23,1013,11,47,50,15,58,9,147,30.0,25.0,32.0,27.4,0.0,0.0,50.0,22.2,60.9,54.0,80.0,E,11.8
2026-09-27T17:44,97,30,25,1013,11,47,50,15,40,4,81,29.6,25.0,32.0,28.0,0.0,0.0,50.0,21.7,60.7,54.0,80.0,B,11.2
2026-09-27T18:14,97,30,19,1013,7,47,50,15,70,6,30,29.0,25.0,32.0,28.0,0.0,0.0,50.0,21.3,61.7,54.0,80.0,B,11
2026-09-27T18:44,97,30,19,1013,4,40,50,15,58,10,10,28.7,25.0,32.0,28.0,0.0,0.0,50.0,21.4,63.6,54.0,80.0,B,11
2026-09-27T19:14,97,30,18,1014,7,40,50,15,68,6,9,28.0,25.0,32.0,28.0,0.0,0.0,48.0,21.2,66.1,54.0,80.0,B,10.8
2026-09-27T19:44,97,30,19,1014,7,40,50,15,78,6,9,27.2,25.0,32.0,28.0,0.0,0.0,48.0,20.9,68.5,54.0,80.0,B,10.8
2026-09-27T20:14,97,30,18,1015,7,40,50,14,46,8,9,27.0,25.0,32.0,28.0,0.0,0.0,48.0,21.1,70.7,54.0,80.0,B,10.8
2026-09-27T20:44,97,30,21,1015,7,47,50,14,32,9,10,26.1,25.0,32.0,28.0,0.0,0.0,48.0,20.6,72.4,54.0,80.0,B,10.8
2026-09-27T21:15,97,30,21,1015,7,40,50,14,40,5,10,26.0,25.0,32.0,28.0,0.0,0.0,48.0,20.7,73.6,54.0,80.0,B,10.8
2026-09-27T21:45,97,30,20,1015,11,40,50,14,42,6,9,25.7,25.0,32.0,28.0,0.0,0.0,48.0,20.7,75.0,54.0,80.0,B,10.8
2026-09-27T22:15,97,30,18,1016,7,36,50,13,44,10,9,25.0,25.0,32.0,28.0,0.0,0.0,48.0,20.2,75.9,54.0,80.0,B,10.8
2026-09-27T22:45,97,30,16,1016,7,32,50,13,26,6,9,25.0,25.0,32.0,28.0,0.0,0.0,48.0,20.4,76.8,54.0,80.0,B,10.8
2026-09-27T23:15,97,30,15,1016,4,36,50,13,34,2,9,25.0,25.0,32.0,28.0,0.0,0.0,48.0,20.4,76.8,54.0,80.0,B,10.8
2026-09-27T23:45,97,30,12,1016,4,25,50,13,34,4,9,25.0,25.0,32.0,28.0,0.0,0.0,48.0,20.4,77.0,54.0,80.0,B,10.8
2026-09-28T00:15,97,30,14,1016,4,29,29,13,34,8,9,25.0,25.0,25.0,28.0,0.0,0.0,48.0,20.4,77.0,77.0,78.0,B,10.8
2026-09-28T00:45,97,30,15,1016,7,32,32,12,12,7,10,25.0,25.0,25.0,28.0,0.0,0.0,48.0,20.8,79.1,77.0,80.0,B,10.8
2026-09-28T01:15,97,30,12,1015,4,25,32,11,48,8,10,25.0,25.0,25.0,28.0,0.0,0.0,48.0,21.0,79.9,77.0,81.0,B,10.8
2026-09-28T01:45,97,30,15,1015,4,29,32,10,42,5,10,24.8,24.0,25.0,28.0,0.0,0.0,48.0,21.0,80.9,77.0,82.0,B,10.8
2026-09-28T02:15,97,30,12,1015,4,22,32,9,38,6,10,24.9,24.0,25.0,28.0,0.0,0.0,48.0,21.2,81.4,77.0,82.0,B,10.8
2026-09-28T02:45,97,30,12,1014,4,25,32,9,36,4,10,25.0,24.0,25.0,28.0,0.0,0.0,50.0,21.4,81.8,77.0,82.0,B,10.8
2026-09-28T03:15,97,30,11,1014,4,29,32,9,24,8,10,25.0,24.0,25.0,28.0,0.0,0.0,50.0,21.4,82.0,77.0,82.0,B,10.8
2026-09-28T03:45,97,30,15,1013,7,29,32,9,20,11,10,24.7,24.0,25.0,28.0,0.0,0.0,50.0,21.2,82.3,77.0,83.0,B,10.8
2026-09-28T04:16,97,30,15,1013,7,29,32,7,54,8,10,24.0,24.0,25.0,28.0,0.0,0.0,50.0,20.7,83.7,77.0,85.0,B,10.8
2026-09-28T04:46,97,30,13,1013,4,29,32,4,26,10,10,24.0,24.0,25.0,28.0,0.0,0.0,50.0,21.1,85.3,77.0,87.0,B,10.8
2026-09-28T05:16,97,30,10,1013,4,29,32,1,22,10,10,24.0,24.0,25.0,28.0,0.0,0.0,50.0,21.4,86.9,77.0,88.0,B,10.8
2026-09-28T05:46,97,30,10,1013,0,22,32,0,26,3,10,23.0,23.0,25.0,28.0,0.0,0.0,50.0,20.8,88.9,77.0,90.0,B,10.8
2026-09-28T06:16,97,30,11,1013,4,25,32,1,4,7,10,23.3,23.0,25.0,28.0,0.0,0.0,50.0,21.1,89.1,77.0,90.0,B,10.8
2026-09-28T06:46,97,30,9,1014,4,18,32,2,38,3,13,24.0,23.0,25.0,28.0,0.0,0.0,50.0,21.6,88.1,77.0,90.0,B,10.8
2026-09-28T07:16,97,30,12,1015,4,25,32,3,20,5,37,24.0,23.0,25.0,28.0,0.0,0.0,50.0,21.4,87.2,77.0,90.0,B,10.8
2026-09-28T07:46,97,30,15,1015,4,32,32,5,2,10,73,24.0,23.0,25.0,27.4,0.0,0.0,50.0,21.2,86.1,77.0,90.0,E,11
2026-09-28T08:16,97,30,14,1015,4,29,32,8,16,7,97,24.6,23.0,25.0,27.0,0.0,0.0,50.0,21.4,84.2,77.0,90.0,E,11.4
2026-09-28T08:46,97,30,18,1016,7,36,36,11,24,3,166,25.0,23.0,25.0,27.0,0.0,0.0,51.0,21.4,81.8,77.0,90.0,E,11.8
2026-09-28T09:16,97,30,14,1016,0,25,36,15,90,9,316,25.8,23.0,26.0,27.0,0.0,0.0,51.0,21.7,79.4,77.0,90.0,E,12.8
2026-09-28T09:46,97,30,14,1016,7,29,36,15,2,5,355,26.5,23.0,27.0,27.0,0.0,0.0,51.0,21.8,76.5,75.0,90.0,E,12.8
2026-09-28T10:16,97,30,13,1016,4,29,36,15,40,10,469,27.4,23.0,28.0,27.0,0.0,0.0,51.0,21.9,72.6,69.0,90.0,E,13
2026-09-28T10:46,97,30,11,1017,0,25,36,15,50,9,535,28.3,23.0,29.0,27.0,0.0,0.0,51.0,22.1,68.8,65.0,90.0,E,13
2026-09-28T11:16,97,30,11,1017,0,32,36,15,50,4,521,29.0,23.0,29.0,27.0,0.0,0.0,51.0,22.1,65.7,63.0,90.0,E,13
2026-09-28T11:47,97,30,9,1017,0,25,36,15,40,4,461,29.7,23.0,30.0,27.0,0.0,0.0,51.0,22.5,63.9,62.0,90.0,E,13
2026-09-28T12:17,97,30,10,1017,0,32,36,15,38,7,598,30.3,23.0,31.0,27.0,0.0,0.0,51.0,22.6,61.7,60.0,90.0,E,13
2026-09-28T12:47,97,30,12,1017,0,36,36,15,2,13,731,31.0,23.0,32.0,27.0,0.0,0.0,50.0,22.9,59.7,58.0,90.0,E,13
2026-09-28T13:17,97,30,15,1016,4,36,36,15,54,8,741,31.0,23.0,32.0,27.0,0.0,0.0,50.0,22.6,58.1,57.0,90.0,E,13
2026-09-28T13:47,97,30,14,1016,0,36,36,15,24,10,888,31.9,23.0,33.0,27.0,0.0,0.0,50.0,23.1,55.8,52.0,90.0,E,13
2026-09-28T14:17,97,30,14,1016,0,36,36,15,66,12,750,32.5,23.0,33.0,27.0,0.0,0.0,50.0,23.2,53.7,52.0,90.0,E,12.4
2026-09-28T14:47,97,30,18,1015,0,43,43,15,44,9,763,33.0,23.0,33.0,27.0,0.0,0.0,50.0,23.4,51.8,51.0,90.0,E,13
2026-09-28T15:17,97,30,15,1015,0,47,47,15,40,9,605,33.2,23.0,34.0,27.0,0.0,0.0,50.0,23.4,51.1,50.0,90.0,E,12.4
2026-09-28T15:47,97,30,22,1014,7,43,47,15,52,8,530,33.2,23.0,34.0,27.0,0.0,0.0,48.0,23.3,50.7,49.0,90.0,E,12.4
2026-09-28T16:17,97,30,18,1013,4,43,47,15,54,4,334,33.0,23.0,34.0,27.0,0.0,0.0,48.0,23.2,51.0,49.0,90.0,E,11.8
2026-09-28T16:47,97,30,22,1013,11,43,47,15,66,12,306,33.0,23.0,34.0,27.0,0.0,0.0,48.0,23.2,51.0,49.0,90.0,E,11.8
2026-09-28T17:17,97,30,19,1012,7,47,47,15,44,9,83,32.0,23.0,34.0,27.0,0.0,0.0,48.0,22.5,52.3,49.0,90.0,E,11.4
2026-09-28T17:47,97,30,25,1012,11,47,47,15,64,8,59,31.5,23.0,34.0,27.5,0.0,0.0,48.0,22.5,55.1,49.0,90.0,B,11.2
2026-09-28T18:17,97,30,21,1011,7,43,47,15,64,7,19,30.6,23.0,34.0,28.0,0.0,0.0,47.0,22.3,58.3,49.0,90.0,B,11
2026-09-28T18:47,97,30,23,1011,7,47,47,15,104,4,9,29.5,23.0,34.0,28.0,0.0,0.0,47.0,21.9,62.1,49.0,90.0,B,11
2026-09-28T19:17,97,30,23,1011,4,50,50,15,32,13,9,28.3,23.0,34.0,28.0,0.0,0.0,47.0,21.5,66.0,49.0,90.0,B,11
2026-09-28T19:48,97,30,26,1011,11,47,50,15,30,7,9,27.4,23.0,34.0,28.0,0.0,0.0,47.0,21.3,69.6,49.0,90.0,B,10.8
2026-09-28T20:18,97,30,25,1012,7,50,50,15,32,8,9,26.9,23.0,34.0,28.0,0.0,0.0,47.0,21.4,72.4,49.0,90.0,B,10.8
2026-09-28T20:48,97,30,24,1012,7,47,50,14,44,7,10,26.0,23.0,34.0,28.0,0.0,0.0,47.0,21.0,75.1,49.0,90.0,B,10.8
2026-09-28T21:18,97,30,26,1012,11,50,50,12,42,6,10,25.6,23.0,34.0,28.0,0.0,0.0,47.0,21.1,77.4,49.0,90.0,B,10.8
2026-09-28T21:48,97,30,25,1013,11,50,50,10,56,8,10,25.0,23.0,34.0,28.0,0.0,0.0,47.0,20.9,79.6,49.0,90.0,B,10.8
2026-09-28T22:48,97,30,24,1013,11,50,58,8,20,9,10,24.9,23.0,34.0,28.0,0.0,0.0,46.0,21.2,81.5,49.0,90.0,B,10.8
2026-09-28T23:18,97,30,21,1013,7,40,58,7,44,6,10,24.0,23.0,34.0,28.0,0.0,0.0,47.0,20.5,82.4,49.0,90.0,B,10.8
2026-09-28T23:48,97,30,17,1013,4,43,58,6,46,4,10,24.0,23.0,34.0,28.0,0.0,0.0,47.0,20.6,83.0,49.0,90.0,B,10.8
2026-09-29T00:18,97,30,18,1012,7,40,29,5,34,5,10,24.0,24.0,24.0,28.0,0.0,0.0,47.0,20.6,83.0,83.0,83.0,B,10.8
2026-09-29T00:48,97,30,15,1012,4,32,32,6,48,9,10,24.0,24.0,24.0,28.0,0.0,0.0,47.0,20.6,83.0,83.0,83.0,B,10.8
2026-09-29T01:18,97,30,11,1012,4,25,32,5,46,2,10,24.0,24.0,24.0,28.0,0.0,0.0,47.0,20.7,83.4,83.0,84.0,B,10.8
2026-09-29T01:48,97,30,8,1011,0,22,32,5,44,5,10,24.0,24.0,24.0,28.0,0.0,0.0,47.0,20.8,83.9,83.0,84.0,B,10.8
2026-09-29T02:18,97,30,6,1011,0,14,32,5,48,0,10,24.0,24.0,24.0,28.0,0.0,0.0,47.0,20.8,84.0,83.0,84.0,B,10.8
2026-09-29T02:48,97,30,7,1011,0,22,32,5,44,6,10,24.0,24.0,24.0,28.0,0.0,0.0,47.0,20.8,84.0,83.0,84.0,B,10.8
2026-09-29T03:19,97,30,11,1011,4,22,32,6,52,1,10,24.0,24.0,24.0,28.0,0.0,0.0,47.0,20.6,83.2,83.0,84.0,B,10.8
2026-09-29T03:49,97,30,11,1011,4,25,32,6,38,1,10,24.0,24.0,24.0,28.0,0.0,0.0,48.0,20.6,83.0,83.0,84.0,B,10.8
2026-09-29T04:19,97,30,10,1011,4,22,32,6,32,7,10,24.0,24.0,24.0,28.0,0.0,0.0,48.0,20.6,83.0,83.0,84.0,B,10.8
2026-09-29T04:49,97,30,12,1011,4,25,32,6,40,6,10,24.0,24.0,24.0,28.0,0.0,0.0,48.0,20.6,83.2,83.0,84.0,B,10.8
2026-09-29T05:19,97,30,9,1011,4,18,32,6,70,5,10,24.0,24.0,24.0,28.0,0.0,0.0,48.0,20.8,84.0,83.0,84.0,B,10.8
2026-09-29T05:49,97,30,5,1011,0,18,32,6,66,4,10,24.0,24.0,24.0,28.0,0.0,0.0,48.0,20.8,84.0,83.0,84.0,B,10.8
2026-09-29T06:19,97,30,11,1012,0,29,32,1,38,4,10,23.4,23.0,24.0,28.0,0.0,0.0,48.0,20.5,85.3,83.0,89.0,B,10.8
2026-09-29T06:49,97,30,9,1012,0,22,32,0,100,8,11,22.3,22.0,24.0,28.0,0.0,0.0,48.0,20.3,89.8,83.0,91.0,B,10.8
2026-09-29T07:19,97,30,7,1013,0,18,32,1,20,11,33,22.8,22.0,24.0,28.0,0.0,0.0,48.0,20.7,89.4,83.0,91.0,B,10.8
2026-09-29T07:49,97,30,7,1013,0,18,32,7,16,9,77,24.0,22.0,24.0,28.0,0.0,0.0,48.0,21.0,85.2,83.0,91.0,E,11.2
2026-09-29T08:19,97,30,15,1014,4,32,32,11,46,4,157,25.0,22.0,25.0,27.8,0.0,0.0,50.0,21.4,81.8,80.0,91.0,E,11.6
2026-09-29T08:49,97,30,14,1015,4,32,32,13,76,4,212,25.5,22.0,26.0,27.3,0.0,0.0,50.0,21.4,79.5,78.0,91.0,E,11.8
2026-09-29T09:19,97,30,10,1015,0,29,32,15,78,0,272,26.0,22.0,26.0,27.0,0.0,0.0,50.0,21.6,77.8,77.0,91.0,E,12.8
2026-09-29T09:49,97,30,10,1016,0,29,32,15,2,3,357,26.9,22.0,27.0,27.0,0.0,0.0,50.0,21.8,74.7,72.0,91.0,E,13
2026-09-29T10:20,97,30,7,1016,0,22,32,15,40,4,263,27.3,22.0,28.0,27.0,0.0,0.0,50.0,21.5,71.2,69.0,91.0,E,12.6
2026-09-29T10:50,97,30,9,1016,0,25,32,15,44,3,280,28.0,22.0,28.0,27.0,0.0,0.0,50.0,21.8,68.9,67.0,91.0,E,13
2026-09-29T11:20,97,30,12,1016,4,25,32,15,2,7,432,28.0,22.0,29.0,27.0,0.0,0.0,50.0,21.5,67.5,66.0,91.0,E,13
2026-09-29T11:50,97,30,9,1016,0,25,32,15,14,0,299,28.3,22.0,29.0,27.0,0.0,0.0,50.0,21.5,66.1,65.0,91.0,E,12.8
2026-09-29T12:20,97,30,10,1015,0,25,32,15,22,5,307,29.0,22.0,29.0,27.0,0.0,0.0,50.0,22.1,65.7,65.0,91.0,E,13
2026-09-29T12:50,97,30,10,1015,0,25,32,15,60,5,376,29.3,22.0,30.0,27.0,0.0,0.0,50.0,22.0,63.7,61.0,91.0,E,13
2026-09-29T13:20,97,30,9,1015,0,22,32,15,70,5,289,29.5,22.0,30.0,27.0,0.0,0.0,50.0,22.0,62.5,61.0,91.0,E,12.4
2026-09-29T13:50,97,30,11,1015,4,29,32,15,104,5,207,29.0,22.0,30.0,27.0,0.0,0.0,50.0,21.5,62.5,61.0,91.0,E,11.8
2026-09-29T14:20,97,30,15,1013,4,36,36,15,56,7,113,28.7,22.0,30.0,27.0,0.0,0.0,49.0,21.7,65.0,61.0,91.0,E,11.6
2026-09-29T14:50,97,30,19,1013,7,43,43,15,48,5,234,28.0,22.0,30.0,27.0,0.0,0.0,48.0,21.6,67.9,61.0,91.0,E,13
2026-09-29T15:20,97,30,22,1013,4,43,43,15,68,5,193,28.0,22.0,30.0,27.0,0.0,0.0,48.0,21.8,69.2,61.0,91.0,E,12.4
2026-09-29T15:50,97,30,23,1012,7,50,50,15,50,5,162,28.0,22.0,30.0,27.0,0.0,0.0,48.0,21.8,69.0,61.0,91.0,E,11.6
2026-09-29T16:20,97,30,20,1012,7,40,50,15,82,6,112,28.0,22.0,30.0,27.0,0.0,0.0,48.0,21.9,69.5,61.0,91.0,E,11.8
2026-09-29T16:50,97,30,23,1011,7,43,50,15,46,3,158,28.0,22.0,30.0,27.0,0.0,0.0,48.0,22.0,70.0,61.0,91.0,E,12
2026-09-29T17:20,97,30,23,1011,7,43,50,15,54,8,101,27.7,22.0,30.0,27.0,0.0,0.0,48.0,21.7,70.1,61.0,91.0,B,11.2
2026-09-29T17:51,97,30,23,1011,11,43,50,15,74,6,44,27.0,22.0,30.0,27.0,0.0,0.0,48.0,21.5,72.4,61.0,91.0,B,11
2026-09-29T18:21,97,30,22,1011,7,47,50,15,80,9,13,26.3,22.0,30.0,27.0,0.0,0.0,48.0,21.1,73.9,61.0,91.0,B,11
2026-09-29T18:51,97,30,20,1011,7,36,50,15,68,6,9,26.0,22.0,30.0,27.0,0.0,0.0,48.0,21.0,75.1,61.0,91.0,B,10.8
2026-09-29T19:21,97,30,19,1011,7,43,50,15,74,7,9,26.0,22.0,30.0,27.0,0.0,0.0,48.0,21.0,75.1,61.0,91.0,B,10.8
2026-09-29T19:51,97,30,16,1012,4,36,50,15,50,9,9,26.0,22.0,30.0,27.0,0.0,0.0,48.0,21.1,75.3,61.0,91.0,B,10.8
2026-09-29T20:21,97,30,15,1012,4,29,50,15,46,9,9,25.9,22.0,30.0,27.0,0.0,0.0,48.0,20.9,75.0,61.0,91.0,B,10.8
2026-09-29T20:51,97,30,15,1013,7,32,50,15,66,7,9,25.0,22.0,30.0,27.0,0.0,0.0,48.0,20.0,75.0,61.0,91.0,B,10.8
2026-09-29T21:21,97,30,16,1013,7,36,50,15,50,3,9,25.0,22.0,30.0,27.0,0.0,0.0,48.0,20.2,76.0,61.0,91.0,B,10.8
2026-09-29T21:51,97,30,15,1013,4,32,50,14,52,5,10,25.0,22.0,30.0,27.0,0.0,0.0,48.0,20.5,77.3,61.0,91.0,B,10.8
2026-09-29T22:21,97,30,14,1013,4,29,50,13,46,5,9,25.0,22.0,30.0,27.0,0.0,0.0,48.0,20.7,78.7,61.0,91.0,B,10.8
2026-09-29T22:51,97,30,12,1013,0,25,50,13,40,5,9,25.0,22.0,30.0,27.0,0.0,0.0,48.0,20.9,79.3,61.0,91.0,B,10.8
2026-09-29T23:21,97,30,10,1013,4,25,50,12,58,4,9,24.7,22.0,30.0,27.0,0.0,0.0,48.0,20.8,80.4,61.0,91.0,B,10.8
2026-09-29T23:51,97,30,10,1013,4,25,50,10,48,2,9,24.0,22.0,30.0,27.0,0.0,0.0,49.0,20.2,81.0,61.0,91.0,B,10.8
2026-09-30T00:21,97,30,10,1013,4,22,22,9,52,8,10,24.0,24.0,24.0,27.0,0.0,0.0,50.0,20.3,81.7,82.0,83.0,B,10.8
2026-09-30T00:51,97,30,11,1013,4,22,22,9,14,13,10,24.0,24.0,24.0,27.0,0.0,0.0,50.0,20.5,82.7,82.0,83.0,B,10.8
2026-09-30T01:22,97,30,13,1012,0,29,29,9,50,6,10,24.0,24.0,24.0,27.0,0.0,0.0,50.0,20.5,82.7,82.0,83.0,B,10.8
2026-09-30T01:52,97,30,14,1011,4,29,29,10,56,5,10,24.0,24.0,24.0,27.0,0.0,0.0,50.0,20.4,82.0,82.0,83.0,B,10.8
2026-09-30T02:22,97,30,17,1011,7,32,32,10,36,2,10,24.0,24.0,24.0,27.0,0.0,0.0,50.0,20.3,81.4,81.0,83.0,B,10.8
2026-09-30T02:52,97,30,12,1011,4,25,32,10,40,8,10,24.0,24.0,24.0,27.0,0.0,0.0,50.0,20.4,81.9,81.0,83.0,B,10.8
2026-09-30T03:22,97,30,14,1011,4,32,32,10,38,9,10,24.0,24.0,24.0,27.0,0.0,0.0,50.0,20.4,82.0,81.0,83.0,B,10.8
2026-09-30T03:52,97,30,13,1011,7,32,32,10,30,9,10,24.0,24.0,24.0,27.0,0.0,0.0,50.0,20.4,82.2,81.0,83.0,B,10.6
2026-09-30T04:22,97,30,16,1011,7,36,36,10,56,8,10,24.0,24.0,24.0,27.0,0.0,0.0,50.0,20.6,83.0,81.0,83.0,B,10.8
2026-09-30T04:52,97,30,13,1011,4,29,36,10,46,7,10,24.0,24.0,24.0,27.0,0.0,0.0,50.0,20.5,82.6,81.0,83.0,B,10.8
2026-09-30T05:22,97,30,12,1011,4,29,36,10,30,3,10,24.0,24.0,24.0,27.0,0.0,0.0,51.0,20.4,82.0,81.0,83.0,B,10.8
2026-09-30T05:52,97,30,10,1011,4,25,36,11,30,0,10,24.0,24.0,24.0,27.0,0.0,0.0,51.0,20.2,81.1,81.0,83.0,B,10.8
2026-09-30T06:22,97,30,11,1011,4,29,36,12,42,4,10,24.0,24.0,24.0,27.0,0.0,0.0,51.0,20.1,80.7,80.0,83.0,B,10.8
2026-09-30T06:52,97,30,11,1012,4,25,36,12,50,2,11,24.0,24.0,24.0,27.0,0.0,0.0,51.0,19.9,79.7,79.0,83.0,B,10.6
2026-09-30T07:22,97,30,6,1013,0,18,36,13,52,9,20,24.0,24.0,24.0,27.0,0.0,0.0,51.0,19.8,79.1,79.0,83.0,B,10.8
2026-09-30T07:52,97,30,11,1013,4,25,36,15,28,4,67,24.1,24.0,25.0,27.0,0.0,0.0,51.0,19.8,78.4,78.0,83.0,E,11.2
2026-09-30T08:23,97,30,13,1014,4,29,36,15,32,8,130,25.0,24.0,25.0,27.0,0.0,0.0,51.0,20.5,77.4,76.0,83.0,E,11.4
2026-09-30T08:53,97,30,16,1014,7,29,36,15,46,10,214,25.4,24.0,26.0,26.8,0.0,0.0,51.0,20.5,75.3,74.0,83.0,E,11.6
2026-09-30T09:23,97,30,16,1015,4,32,36,15,36,2,256,26.0,24.0,26.0,26.3,0.0,0.0,51.0,20.7,73.3,72.0,83.0,E,12.8
2026-09-30T09:53,97,30,16,1015,4,32,36,15,26,9,422,26.8,24.0,27.0,26.0,0.0,0.0,51.0,21.0,71.1,69.0,83.0,E,13
2026-09-30T10:23,97,30,17,1015,4,32,36,15,66,6,609,27.7,24.0,28.0,26.0,0.0,0.0,51.0,21.3,68.1,66.0,83.0,E,13
2026-09-30T10:53,97,30,16,1016,4,36,36,15,16,7,623,28.6,24.0,29.0,26.0,0.0,0.0,51.0,21.5,64.5,63.0,83.0,E,13
2026-09-30T11:23,97,30,15,1016,0,32,36,15,74,8,542,29.1,24.0,30.0,26.0,0.0,0.0,51.0,21.6,62.6,59.0,83.0,E,13
2026-09-30T11:53,97,30,17,1015,4,36,36,15,34,11,598,29.5,24.0,30.0,26.0,0.0,0.0,51.0,21.7,60.9,59.0,83.0,E,13
2026-09-30T12:23,97,30,15,1015,4,32,36,15,50,5,546,30.2,24.0,31.0,26.0,0.0,0.0,51.0,22.1,59.4,58.0,83.0,E,12.8
2026-09-30T12:53,97,30,13,1015,0,36,36,15,60,4,391,30.1,24.0,31.0,26.0,0.0,0.0,51.0,21.9,58.9,58.0,83.0,E,12.8
2026-09-30T13:23,97,30,12,1015,0,29,36,15,40,6,470,30.9,24.0,31.0,26.0,0.0,0.0,51.0,22.5,58.0,57.0,83.0,E,13
2026-09-30T13:53,97,30,14,1015,0,36,36,15,10,12,645,31.5,24.0,32.0,26.0,0.0,0.0,50.0,22.8,56.3,55.0,83.0,E,12.8
2026-09-30T14:23,97,30,17,1015,4,32,36,15,60,6,640,31.9,24.0,32.0,26.0,0.0,0.0,50.0,22.8,54.4,53.0,83.0,E,12.8
2026-09-30T14:53,97,30,13,1014,0,29,36,15,46,7,403,32.0,24.0,32.0,26.1,0.0,0.0,50.0,22.9,54.5,53.0,83.0,E,12.4
2026-09-30T15:23,97,30,12,1013,4,29,36,15,42,7,236,31.6,24.0,32.0,26.3,0.0,0.0,50.0,22.6,54.9,53.0,83.0,E,11.6
2026-09-30T15:53,97,30,14,1012,4,32,36,15,86,7,201,31.0,24.0,32.0,26.5,0.0,0.0,50.0,22.2,56.0,53.0,83.0,E,12.2
2026-09-30T16:24,97,30,13,1012,0,29,36,15,56,5,201,31.0,24.0,32.0,27.0,0.0,0.0,50.0,22.1,55.7,53.0,83.0,E,11.8
2026-09-30T16:54,97,30,13,1012,4,32,36,15,134,3,144,31.0,24.0,32.0,27.0,0.0,0.0,50.0,22.0,54.9,53.0,83.0,E,11.4
2026-09-30T17:24,97,30,15,1012,4,36,36,15,128,12,77,31.0,24.0,32.0,27.0,0.0,0.0,48.0,22.2,56.0,53.0,83.0,E,11.4
2026-09-30T17:54,97,30,17,1013,4,36,36,15,74,10,60,30.2,24.0,32.0,27.0,0.0,0.0,48.0,21.8,58.0,53.0,83.0,B,11
2026-09-30T18:24,97,30,17,1012,4,43,43,15,78,9,17,28.9,24.0,32.0,27.0,0.0,0.0,48.0,21.1,61.2,53.0,83.0,B,11
2026-09-30T18:54,97,30,14,1011,0,36,43,15,126,9,10,28.0,24.0,32.0,27.0,0.0,0.0,48.0,20.8,63.8,53.0,83.0,B,11
2026-09-30T19:24,97,30,11,1012,4,29,43,15,88,11,9,27.7,24.0,32.0,27.0,0.0,0.0,48.0,20.9,66.1,53.0,83.0,B,11
2026-09-30T19:54,97,30,11,1012,4,29,43,15,40,8,9,27.0,24.0,32.0,27.0,0.0,0.0,48.0,20.6,68.2,53.0,83.0,B,10.8
2026-09-30T20:24,97,30,17,1012,0,36,43,15,36,7,9,27.0,24.0,32.0,27.0,0.0,0.0,48.0,20.9,69.5,53.0,83.0,B,10.8
2026-09-30T20:54,97,30,21,1013,7,43,43,15,42,9,9,26.4,24.0,32.0,27.0,0.0,0.0,48.0,21.1,73.6,53.0,83.0,B,10.8
2026-09-30T21:24,97,30,20,1013,7,47,47,15,32,8,9,26.0,24.0,32.0,27.0,0.0,0.0,48.0,21.2,75.9,53.0,83.0,B,10.8
2026-09-30T21:54,97,30,17,1013,4,36,47,13,42,9,9,25.1,24.0,32.0,27.0,0.0,0.0,48.0,20.6,77.7,53.0,83.0,B,10.8
2026-09-30T22:24,97,30,16,1013,4,36,47,11,34,6,9,25.0,24.0,32.0,27.0,0.0,0.0,48.0,20.9,79.6,53.0,83.0,B,10.8
2026-09-30T22:54,97,30,16,1013,7,36,47,10,64,7,9,25.0,24.0,32.0,27.0,0.0,0.0,48.0,21.3,81.3,53.0,83.0,B,10.8
2026-09-30T23:24,97,30,13,1013,4,29,47,9,62,4,9,24.7,24.0,32.0,27.0,0.0,0.0,48.0,21.1,81.8,53.0,83.0,B,10.8
2026-09-30T23:55,97,30,9,1013,0,22,47,8,66,6,10,24.0,24.0,32.0,27.0,0.0,0.0,48.0,20.5,82.3,53.0,83.0,B,10.8
2026-10-01T00:25,97,30,6,1013,0,18,18,7,66,0,10,24.0,24.0,24.0,27.0,0.0,0.0,48.0,20.6,83.0,83.0,84.0,B,10.8
2026-10-01T00:55,97,30,7,1013,0,18,18,3,68,4,10,24.0,24.0,24.0,27.0,0.0,0.0,48.0,20.7,83.3,83.0,84.0,B,10.8
2026-10-01T01:25,97,30,11,1011,4,25,25,2,44,6,10,24.0,24.0,24.0,27.0,0.0,0.0,48.0,20.9,84.6,83.0,85.0,B,10.8
2026-10-01T01:55,97,30,9,1011,4,18,25,2,40,3,10,23.3,23.0,24.0,27.0,0.0,0.0,48.0,20.3,85.0,83.0,86.0,B,10.8
2026-10-01T02:25,97,30,10,1011,4,25,25,2,48,6,10,23.0,23.0,24.0,27.0,0.0,0.0,50.0,20.0,85.0,83.0,86.0,B,10.8
2026-10-01T02:55,97,30,13,1011,4,25,25,2,66,7,10,23.0,23.0,24.0,27.0,0.0,0.0,50.0,20.2,85.9,83.0,87.0,B,10.8
2026-10-01T03:25,97,30,12,1011,4,25,25,2,38,5,10,23.0,23.0,24.0,27.0,0.0,0.0,50.0,20.2,86.0,83.0,87.0,B,10.8
2026-10-01T03:55,97,30,14,1011,7,29,29,2,32,4,10,23.0,23.0,24.0,27.0,0.0,0.0,50.0,20.2,86.1,83.0,87.0,B,10.8
2026-10-01T04:25,97,30,8,1011,0,22,29,2,52,1,10,23.0,23.0,24.0,27.0,0.0,0.0,50.0,20.3,86.3,83.0,87.0,B,10.8
2026-10-01T04:55,97,30,11,1011,4,22,29,2,74,9,10,23.0,23.0,24.0,27.0,0.0,0.0,50.0,20.4,86.9,83.0,87.0,B,10.8
2026-10-01T05:25,97,30,10,1011,4,22,29,2,26,3,10,23.0,23.0,24.0,27.0,0.0,0.0,50.0,20.3,86.3,83.0,87.0,B,10.8
2026-10-01T05:55,97,30,12,1011,4,22,29,3,36,3,10,23.9,23.0,24.0,27.0,0.0,0.0,50.0,21.1,86.0,83.0,87.0,B,10.8
2026-10-01T06:25,97,30,9,1011,4,25,29,3,44,6,10,24.0,23.0,24.0,27.0,0.0,0.0,50.0,21.2,86.0,83.0,87.0,B,10.8
2026-10-01T06:56,97,30,11,1012,4,29,29,4,26,3,35,24.0,23.0,24.0,27.0,0.0,0.0,51.0,21.1,85.7,83.0,87.0,B,10.8
2026-10-01T07:26,97,30,14,1012,4,29,29,7,32,7,96,24.0,23.0,24.0,27.0,0.0,0.0,51.0,20.9,84.7,83.0,87.0,E,11.2
2026-10-01T07:56,97,30,18,1013,7,36,36,11,2,9,162,24.6,23.0,25.0,27.0,0.0,0.0,51.0,21.1,82.7,81.0,87.0,E,11.6
2026-10-01T08:26,97,30,17,1013,7,32,36,13,2,7,175,25.0,23.0,25.0,27.0,0.0,0.0,51.0,20.9,79.4,79.0,87.0,E,11.4
2026-10-01T08:56,97,30,15,1014,7,29,36,14,2,9,192,25.7,23.0,26.0,27.0,0.0,0.0,51.0,21.2,77.6,76.0,87.0,E,11.8
2026-10-01T09:26,97,30,15,1014,4,29,36,15,32,9,248,26.0,23.0,26.0,27.0,0.0,0.0,51.0,21.0,75.2,74.0,87.0,E,13
2026-10-01T09:56,97,30,15,1015,7,32,36,15,52,4,283,26.9,23.0,27.0,26.9,0.0,0.0,51.0,21.3,72.2,71.0,87.0,E,11.6
2026-10-01T10:26,97,30,13,1015,0,32,36,15,32,8,244,27.0,23.0,27.0,26.5,0.0,0.0,51.0,21.3,71.4,70.0,87.0,E,13
2026-10-01T10:56,97,30,12,1015,0,32,36,15,22,10,509,27.7,23.0,28.0,26.1,0.0,0.0,51.0,21.4,68.5,67.0,87.0,E,13
2026-10-01T11:26,97,30,13,1015,4,29,36,15,38,10,521,28.4,23.0,29.0,26.0,0.0,0.0,51.0,21.5,65.4,64.0,87.0,E,13
2026-10-01T11:56,97,30,13,1015,4,32,36,15,120,3,554,29.0,23.0,29.0,26.0,0.0,0.0,51.0,21.7,63.5,61.0,87.0,E,13
2026-10-01T12:26,97,30,12,1015,0,29,36,15,36,2,633,29.2,23.0,30.0,26.0,0.0,0.0,51.0,21.5,61.3,60.0,87.0,E,13
2026-10-01T12:56,97,30,9,1015,0,32,36,15,74,2,538,30.0,23.0,30.0,26.0,0.0,0.0,51.0,21.9,59.7,58.0,87.0,E,12.8
2026-10-01T13:26,97,30,11,1015,0,29,36,15,2,8,847,30.7,23.0,32.0,26.2,0.0,0.0,51.0,22.2,57.5,54.0,87.0,E,12.8
2026-10-01T13:56,97,30,12,1014,0,29,36,15,54,3,462,30.9,23.0,32.0,26.4,0.0,0.0,50.0,22.3,56.9,54.0,87.0,E,12.8
2026-10-01T14:27,97,30,14,1013,4,32,36,15,64,7,496,31.0,23.0,32.0,26.8,0.0,0.0,50.0,22.3,56.6,54.0,87.0,E,12.8
2026-10-01T14:57,97,30,14,1012,4,29,36,15,12,4,333,31.0,23.0,32.0,26.5,0.0,0.0,50.0,22.4,56.9,54.0,87.0,E,12.8
2026-10-01T15:27,97,30,15,1012,4,29,36,15,72,8,234,31.0,23.0,32.0,26.8,0.0,0.0,50.0,22.4,56.9,54.0,87.0,E,11.6
2026-10-01T15:57,97,30,15,1011,4,36,36,15,48,6,170,30.0,23.0,32.0,26.9,0.0,0.0,50.0,21.6,57.9,54.0,87.0,E,11.8
2026-10-01T16:27,97,30,16,1011,7,32,36,15,60,6,131,30.2,23.0,32.0,27.0,0.0,0.0,50.0,21.8,58.1,54.0,87.0,E,11.4
2026-10-01T16:57,97,30,18,1010,7,36,36,15,84,5,116,30.0,23.0,32.0,27.0,0.0,0.0,50.0,21.9,59.3,54.0,87.0,E,11.8
2026-10-01T17:27,97,30,19,1011,7,43,43,15,86,8,75,29.6,23.0,32.0,27.0,0.0,0.0,49.0,21.9,61.6,54.0,87.0,E,11.2
2026-10-01T17:57,97,30,16,1010,4,36,43,15,76,6,64,28.5,23.0,32.0,27.0,0.0,0.0,48.0,21.7,66.1,54.0,87.0,B,11
2026-10-01T18:27,97,30,17,1010,4,40,43,15,84,8,17,28.0,23.0,32.0,27.0,0.0,0.0,48.0,21.5,67.7,54.0,87.0,B,11
2026-10-01T18:57,97,30,20,1011,7,43,43,15,62,6,9,27.6,23.0,32.0,27.0,0.0,0.0,48.0,21.2,67.8,54.0,87.0,B,11
2026-10-01T19:27,97,30,21,1011,7,40,43,15,46,8,9,27.0,23.0,32.0,27.0,0.0,0.0,48.0,21.0,69.8,54.0,87.0,B,10.8
2026-10-01T19:57,97,30,23,1011,7,47,47,15,68,9,9,26.1,23.0,32.0,27.0,0.0,0.0,48.0,20.6,72.7,54.0,87.0,B,10.8
2026-10-01T20:27,97,30,20,1011,11,47,47,14,50,5,9,26.0,23.0,32.0,27.0,0.0,0.0,48.0,20.8,74.0,54.0,87.0,B,10.8
2026-10-01T20:57,97,30,19,1011,7,40,47,13,44,8,9,25.9,23.0,32.0,27.0,0.0,0.0,48.0,21.0,75.4,54.0,87.0,B,10.8
2026-10-01T21:27,97,30,20,1012,7,40,47,12,46,6,9,25.0,23.0,32.0,27.0,0.0,0.0,48.0,20.2,76.1,54.0,87.0,B,10.8
2026-10-01T21:57,97,30,15,1012,4,40,47,12,64,8,9,25.0,23.0,32.0,27.0,0.0,0.0,48.0,20.4,77.0,54.0,87.0,B,10.8
2026-10-01T22:28,97,30,17,1013,4,36,47,12,56,7,9,25.0,23.0,32.0,27.0,0.0,0.0,48.0,20.4,77.1,54.0,87.0,B,10.8
2026-10-01T22:58,97,30,15,1013,7,32,47,12,38,2,9,25.0,23.0,32.0,27.0,0.0,0.0,48.0,20.6,77.8,54.0,87.0,B,10.8
2026-10-01T23:28,97,30,17,1013,7,36,47,12,46,6,9,25.0,23.0,32.0,27.0,0.0,0.0,48.0,20.7,78.5,54.0,87.0,B,10.8
2026-10-01T23:58,97,30,13,1012,4,36,47,11,18,10,9,25.0,23.0,32.0,27.0,0.0,0.0,48.0,20.8,79.1,54.0,87.0,B,10.8
2026-10-02T00:28,97,30,14,1012,4,29,29,10,54,8,10,25.0,25.0,25.0,27.0,0.0,0.0,48.0,21.0,80.0,79.0,81.0,B,10.8
2026-10-02T00:58,97,30,17,1012,4,40,40,9,14,9,10,25.0,25.0,25.0,27.0,0.0,0.0,50.0,21.2,81.0,79.0,82.0,B,10.8
2026-10-02T01:28,97,30,14,1011,4,40,40,9,18,5,10,25.0,25.0,25.0,27.0,0.0,0.0,50.0,21.2,81.0,79.0,82.0,B,10.8
2026-10-02T01:58,97,30,11,1011,0,25,40,9,28,7,10,25.0,25.0,25.0,27.0,0.0,0.0,50.0,21.2,81.2,79.0,82.0,B,10.8
2026-10-02T02:28,97,30,11,1011,4,22,40,9,8,9,10,24.7,24.0,25.0,27.0,0.0,0.0,50.0,21.0,81.4,79.0,82.0,B,10.8
2026-10-02T02:58,97,30,13,1011,4,25,40,9,2,11,10,24.0,24.0,25.0,27.0,0.0,0.0,50.0,20.3,81.3,79.0,82.0,B,10.8
2026-10-02T03:28,97,30,13,1011,4,29,40,9,12,11,10,24.0,24.0,25.0,27.0,0.0,0.0,50.0,20.4,81.9,79.0,82.0,B,10.8
2026-10-02T03:58,97,30,8,1011,3,18,40,9,22,4,10,24.0,24.0,25.0,27.0,0.0,0.0,50.0,20.4,82.0,79.0,82.0,B,10.8
2026-10-02T04:28,97,30,7,1011,3,18,40,8,22,3,10,24.0,24.0,25.0,27.0,0.0,0.0,50.0,20.4,82.0,79.0,82.0,B,10.8
2026-10-02T04:58,97,30,8,1011,4,18,40,8,26,3,10,24.0,24.0,25.0,27.0,0.0,0.0,50.0,20.5,82.7,79.0,83.0,B,10.8
2026-10-02T05:29,97,30,7,1011,0,18,40,8,30,0,10,24.0,24.0,25.0,27.0,0.0,0.0,50.0,20.6,82.8,79.0,83.0,B,10.8
2026-10-02T05:59,97,30,5,1011,0,18,40,8,34,3,10,24.9,24.0,25.0,27.0,0.0,0.0,50.0,21.3,82.2,79.0,83.0,B,10.8
2026-10-02T06:29,97,30,4,1012,0,14,40,8,36,13,10,25.0,24.0,25.0,27.0,0.0,0.0,51.0,21.4,82.0,79.0,83.0,B,10.8
2026-10-02T06:59,97,30,5,1012,0,14,40,9,18,1,20,25.0,24.0,25.0,27.0,0.0,0.0,51.0,21.4,82.0,79.0,83.0,B,10.8
2026-10-02T07:29,97,30,6,1013,0,14,40,11,22,0,64,25.0,24.0,25.0,27.0,0.0,0.0,51.0,21.3,81.4,79.0,83.0,E,11
2026-10-02T07:59,97,30,5,1013,0,18,40,12,314,11,87,25.0,24.0,25.0,27.0,0.0,0.0,51.0,21.1,80.4,79.0,83.0,E,11.2
2026-10-02T08:29,97,30,7,1014,0,22,40,13,316,6,95,25.0,24.0,25.0,27.0,0.0,0.0,51.0,20.9,79.4,79.0,83.0,E,11.4
2026-10-02T08:59,97,30,10,1015,0,22,40,14,56,7,209,25.6,24.0,26.0,27.0,0.0,0.0,51.0,21.3,78.5,77.0,83.0,E,11.8
2026-10-02T09:29,97,30,12,1015,3,25,40,15,42,7,362,26.5,24.0,27.0,27.0,0.0,0.0,51.0,21.7,75.8,73.0,83.0,E,12.8
2026-10-02T09:59,97,30,10,1015,0,25,40,15,6,9,383,27.4,24.0,28.0,26.9,0.0,0.0,51.0,21.7,71.6,70.0,83.0,E,13
2026-10-02T10:29,97,30,10,1016,0,25,40,15,4,6,428,28.0,24.0,28.0,27.0,0.0,0.0,51.0,21.6,68.2,66.0,83.0,E,13
2026-10-02T10:59,97,30,11,1016,4,29,40,15,82,6,397,28.1,24.0,29.0,26.9,0.0,0.0,51.0,21.2,65.7,64.0,83.0,E,13
2026-10-02T11:29,97,30,8,1016,0,29,40,15,96,7,601,29.0,24.0,30.0,26.7,0.0,0.0,51.0,21.8,63.9,62.0,83.0,E,12.8
2026-10-02T11:59,97,30,11,1016,3,29,40,15,52,10,709,30.3,24.0,31.0,26.9,0.0,0.0,51.0,22.4,60.7,59.0,83.0,E,12.8
2026-10-02T12:29,97,30,9,1016,0,25,40,15,22,7,394,30.2,24.0,31.0,26.9,0.0,0.0,51.0,22.0,58.9,58.0,83.0,E,12.8
2026-10-02T13:00,97,30,9,1015,0,25,40,15,16,11,414,30.2,24.0,31.0,26.8,0.0,0.0,51.0,22.0,58.9,58.0,83.0,E,13
2026-10-02T13:30,97,30,11,1015,0,25,40,15,44,7,361,30.1,24.0,31.0,26.8,0.0,0.0,51.0,21.9,59.0,58.0,83.0,E,13
2026-10-02T14:00,97,30,11,1015,0,29,40,15,36,9,365,30.3,24.0,31.0,26.9,0.0,0.0,51.0,22.1,59.2,58.0,83.0,E,11.8
2026-10-02T14:30,97,30,12,1013,4,29,40,15,114,4,289,30.1,24.0,31.0,26.9,0.0,0.0,50.0,21.9,59.1,58.0,83.0,E,12
2026-10-02T15:00,97,30,13,1013,4,29,40,15,52,8,186,30.0,24.0,31.0,26.9,0.0,0.0,50.0,21.8,59.1,58.0,83.0,E,11.6
2026-10-02T15:30,97,30,13,1012,4,29,40,15,66,9,167,30.0,24.0,31.0,27.0,0.0,0.0,50.0,22.0,60.2,58.0,83.0,E,11.6
2026-10-02T16:00,97,30,13,1011,4,29,40,15,74,8,86,29.5,24.0,31.0,27.0,0.0,0.0,50.0,21.7,61.1,58.0,83.0,B,11.2
2026-10-02T16:30,97,30,17,1011,7,40,40,15,116,6,49,28.9,24.0,31.0,27.0,0.0,0.0,50.0,21.8,64.4,58.0,83.0,B,11
2026-10-02T17:00,97,30,16,1011,4,32,40,15,94,9,30,28.0,24.0,31.0,27.0,0.0,0.0,50.0,21.4,66.8,58.0,83.0,B,11
2026-10-02T17:30,97,30,18,1011,7,40,40,15,72,7,29,28.0,24.0,31.0,27.0,0.0,0.0,50.0,21.4,67.2,58.0,83.0,B,11
2026-10-02T18:00,97,30,19,1011,4,43,43,15,50,5,14,27.6,24.0,31.0,27.0,0.0,0.0,50.0,21.4,69.1,58.0,83.0,B,11
2026-10-02T18:30,97,30,18,1011,7,40,43,15,52,6,9,27.0,24.0,31.0,27.0,0.0,0.0,50.0,21.0,69.9,58.0,83.0,B,11
2026-10-02T19:00,97,30,19,1012,7,36,43,15,52,6,9,26.8,24.0,31.0,27.0,0.0,0.0,50.0,21.2,72.2,58.0,83.0,B,10.8
2026-10-02T19:30,97,30,18,1012,7,32,43,15,40,6,9,26.2,24.0,31.0,27.0,0.0,0.0,50.0,20.8,73.0,58.0,83.0,B,10.8
2026-10-02T20:00,97,30,18,1013,7,32,43,15,46,6,9,26.0,24.0,31.0,27.0,0.0,0.0,50.0,20.7,73.7,58.0,83.0,B,10.8
2026-10-02T20:31,97,30,18,1013,4,36,43,15,32,9,9,26.0,24.0,31.0,27.0,0.0,0.0,50.0,20.8,74.0,58.0,83.0,B,10.8
2026-10-02T21:01,97,30,17,1013,4,36,43,15,26,9,9,26.0,24.0,31.0,27.0,0.0,0.0,50.0,20.8,74.2,58.0,83.0,B,10.8
2026-10-02T21:31,97,30,15,1013,4,32,43,14,68,5,9,26.0,24.0,31.0,27.0,0.0,0.0,50.0,21.0,75.2,58.0,83.0,B,10.8
2026-10-02T22:01,97,30,12,1013,4,25,43,14,40,5,9,25.4,24.0,31.0,27.0,0.0,0.0,50.0,20.7,76.5,58.0,83.0,B,10.8
2026-10-02T22:31,97,30,13,1013,4,32,43,13,32,10,9,25.0,24.0,31.0,27.0,0.0,0.0,50.0,20.4,77.0,58.0,83.0,B,10.8
2026-10-02T23:01,97,30,11,1014,4,25,43,13,62,5,9,25.0,24.0,31.0,27.0,0.0,0.0,50.0,20.6,77.8,58.0,83.0,B,10.8
2026-10-02T23:31,97,30,10,1014,0,18,43,13,34,12,9,25.0,24.0,31.0,27.0,0.0,0.0,50.0,20.6,78.0,58.0,83.0,B,10.8
2026-10-03T00:01,97,30,5,1014,0,22,43,12,48,13,9,25.0,24.0,31.0,27.0,0.0,0.0,50.0,20.6,78.0,58.0,83.0,B,10.8
2026-10-03T00:31,97,30,6,1013,0,18,18,12,48,3,10,25.0,25.0,25.0,27.0,0.0,0.0,50.0,20.6,78.0,78.0,78.0,B,10.8
2026-10-03T01:01,97,30,9,1013,4,22,22,13,24,3,10,25.0,25.0,25.0,27.0,0.0,0.0,50.0,20.6,78.0,78.0,78.0,B,10.8
2026-10-03T01:31,97,30,10,1013,4,22,22,13,48,7,10,25.0,25.0,25.0,27.0,0.0,0.0,50.0,20.6,78.0,78.0,78.0,B,10.8
2026-10-03T02:01,97,30,8,1012,0,18,22,13,64,10,10,25.0,25.0,25.0,27.0,0.0,0.0,50.0,20.6,78.0,78.0,78.0,B,10.8
2026-10-03T02:31,97,30,5,1012,0,14,22,12,44,0,10,25.0,25.0,25.0,27.0,0.0,0.0,50.0,20.6,78.0,78.0,78.0,B,10.8
2026-10-03T03:01,97,30,6,1011,0,14,22,12,30,1,10,25.0,25.0,25.0,27.0,0.0,0.0,51.0,20.6,78.1,78.0,79.0,B,10.8
2026-10-03T03:31,97,30,6,1011,0,14,22,12,62,4,10,25.0,25.0,25.0,27.0,0.0,0.0,51.0,20.6,78.0,78.0,79.0,B,10.8
2026-10-03T04:02,97,30,6,1011,0,14,22,13,40,2,10,25.0,25.0,25.0,27.0,0.0,0.0,51.0,20.6,78.0,78.0,79.0,B,10.8
2026-10-03T04:32,97,30,7,1011,0,18,22,13,48,1,10,25.0,25.0,25.0,27.0,0.0,0.0,51.0,20.6,78.0,78.0,79.0,B,10.8
2026-10-03T05:02,97,30,5,1011,0,14,22,12,40,1,10,24.8,24.0,25.0,27.0,0.0,0.0,51.0,20.4,78.0,78.0,79.0,B,10.8
2026-10-03T05:32,97,30,5,1012,0,14,22,12,46,0,10,24.1,24.0,25.0,27.0,0.0,0.0,51.0,19.9,78.9,78.0,79.0,B,10.8
2026-10-03T06:02,97,30,4,1012,2,11,22,11,42,7,10,24.0,24.0,25.0,27.0,0.0,0.0,51.0,19.9,79.4,78.0,80.0,B,10.8
2026-10-03T06:32,97,30,5,1013,0,11,22,12,30,2,11,24.6,24.0,25.0,27.0,0.0,0.0,51.0,20.6,79.9,78.0,80.0,B,10.8
2026-10-03T07:02,97,30,7,1013,0,18,22,12,26,0,26,25.0,24.0,25.0,27.0,0.0,0.0,51.0,20.8,79.0,78.0,80.0,B,10.8
2026-10-03T07:32,97,30,10,1013,4,22,22,12,26,6,42,25.0,24.0,25.0,27.0,0.0,0.0,51.0,20.9,79.4,78.0,80.0,B,10.8
2026-10-03T08:02,97,30,11,1014,4,22,22,12,24,10,59,25.0,24.0,25.0,26.5,0.0,0.0,52.0,21.0,80.0,78.0,80.0,B,11
2026-10-03T08:32,97,30,11,1015,0,25,25,13,8,9,106,25.0,24.0,26.0,26.0,0.0,0.0,53.0,21.0,80.0,78.0,80.0,E,11.4
2026-10-03T09:02,97,30,14,1015,4,29,29,15,44,4,285,26.1,24.0,27.0,26.0,0.0,0.0,53.0,21.9,78.8,77.0,80.0,E,12.2
2026-10-03T09:32,97,30,12,1016,0,25,29,15,32,9,428,27.1,24.0,28.0,26.0,0.0,0.0,53.0,22.2,75.5,73.0,80.0,E,12.8
2026-10-03T10:02,97,30,12,1016,0,25,29,15,78,6,533,28.1,24.0,29.0,26.0,0.0,0.0,53.0,22.4,71.3,67.0,80.0,E,12.4
2026-10-03T10:32,97,30,10,1016,0,25,29,15,184,12,702,29.6,24.0,31.0,26.0,0.0,0.0,53.0,22.8,66.2,62.0,80.0,E,12.8
2026-10-03T11:02,97,30,9,1016,0,22,29,15,216,7,865,30.3,24.0,31.0,26.0,0.0,0.0,53.0,22.9,63.2,61.0,80.0,E,12.8
2026-10-03T11:33,97,30,9,1016,0,22,29,15,46,5,754,32.1,24.0,33.0,26.0,0.0,0.0,52.0,23.9,59.1,57.0,80.0,E,11.8
2026-10-03T12:03,97,30,12,1016,4,29,29,15,68,8,495,31.3,24.0,33.0,26.0,0.0,0.0,51.0,23.0,58.7,56.0,80.0,E,12.8
2026-10-03T12:33,97,30,10,1015,0,25,29,15,106,5,656,32.0,24.0,33.0,26.0,0.0,0.0,51.0,23.3,56.6,54.0,80.0,E,12.8
2026-10-03T13:03,97,30,8,1016,0,25,29,15,36,9,849,33.2,24.0,34.0,26.0,0.0,0.0,51.0,24.0,53.8,51.0,80.0,E,12
2026-10-03T13:33,97,30,9,1016,0,25,29,15,228,9,804,34.2,24.0,35.0,26.4,0.0,0.0,51.0,24.2,50.2,48.0,80.0,E,12.2
2026-10-03T14:03,97,30,10,1015,0,29,29,15,158,9,394,33.6,24.0,35.0,26.7,0.0,0.0,51.0,23.7,50.3,48.0,80.0,E,12
2026-10-03T14:33,97,30,15,1015,4,32,32,15,70,7,301,33.0,24.0,35.0,26.8,0.0,0.0,51.0,23.5,52.6,48.0,80.0,E,12.4
2026-10-03T15:03,97,30,22,1014,7,43,43,15,108,8,480,32.6,24.0,35.0,27.0,0.0,0.0,50.0,23.6,55.1,48.0,80.0,E,12.6
2026-10-03T15:33,97,30,22,1014,7,47,47,15,62,6,373,32.0,24.0,35.0,27.0,0.0,0.0,50.0,23.3,56.7,48.0,80.0,E,12.2
2026-10-03T16:03,97,30,19,1013,7,50,50,15,60,4,169,31.3,24.0,35.0,27.0,0.0,0.0,50.0,22.9,58.0,48.0,80.0,E,11.4
2026-10-03T16:33,97,30,20,1013,7,40,50,15,84,10,65,30.5,24.0,35.0,27.0,0.0,0.0,50.0,22.5,59.9,48.0,80.0,B,11.2
2026-10-03T17:03,97,30,18,1013,7,32,50,15,50,6,69,30.0,24.0,35.0,27.0,0.0,0.0,50.0,22.3,61.5,48.0,80.0,B,11
2026-10-03T17:33,97,30,19,1013,4,40,50,15,100,3,53,29.3,24.0,35.0,27.0,0.0,0.0,50.0,22.2,64.3,48.0,80.0,B,11
2026-10-03T18:03,97,30,16,1013,4,36,50,15,112,4,18,29.0,24.0,35.0,27.0,0.0,0.0,50.0,22.3,66.3,48.0,80.0,B,11
2026-10-03T18:33,97,30,13,1013,4,32,50,15,90,10,9,28.0,24.0,35.0,27.0,0.0,0.0,49.0,21.4,67.0,48.0,80.0,B,11
2026-10-03T19:04,97,30,9,1013,0,22,50,15,56,12,9,28.0,24.0,35.0,27.0,0.0,0.0,48.0,21.4,67.0,48.0,80.0,B,10.8
2026-10-03T19:34,97,30,10,1013,4,22,50,15,84,6,9,28.0,24.0,35.0,27.0,0.0,0.0,48.0,21.6,68.1,48.0,80.0,B,10.8
2026-10-03T20:04,97,30,10,1014,4,25,50,15,94,12,9,28.0,24.0,35.0,27.0,0.0,0.0,48.0,22.0,69.8,48.0,80.0,B,10.8
2026-10-03T20:34,97,30,18,1014,7,40,50,15,14,13,9,27.9,24.0,35.0,27.0,0.0,0.0,48.0,22.2,71.5,48.0,80.0,B,10.8
2026-10-03T21:04,97,30,17,1014,7,32,50,14,58,5,10,27.0,24.0,35.0,27.0,0.0,0.0,48.0,21.7,73.6,48.0,80.0,B,10.8
2026-10-03T21:34,97,30,16,1014,4,32,50,14,50,8,10,27.0,24.0,35.0,27.0,0.0,0.0,48.0,21.9,74.5,48.0,80.0,B,10.8
2026-10-03T22:04,97,30,17,1014,7,32,50,13,42,5,10,27.0,24.0,35.0,27.0,0.0,0.0,48.0,22.1,75.5,48.0,80.0,B,10.8
2026-10-03T22:34,97,30,17,1015,7,32,50,12,54,6,10,27.0,24.0,35.0,27.0,0.0,0.0,48.0,22.3,76.7,48.0,80.0,B,10.8
2026-10-03T23:04,97,30,17,1015,4,32,50,12,28,6,10,26.6,24.0,35.0,27.0,0.0,0.0,48.0,22.1,77.3,48.0,80.0,B,10.8
2026-10-03T23:34,97,30,14,1015,4,32,50,12,34,4,10,26.0,24.0,35.0,27.0,0.0,0.0,48.0,21.6,77.9,48.0,80.0,B,10.8
2026-10-04T00:04,97,30,13,1015,0,29,14,12,38,5,10,26.0,26.0,26.0,27.0,0.0,0.0,48.0,21.6,78.1,79.0,79.0,B,10.8
2026-10-04T00:34,97,30,12,1014,4,25,25,11,42,7,10,26.0,26.0,26.0,27.0,0.0,0.0,48.0,21.8,79.0,78.0,79.0,B,10.8
2026-10-04T01:04,97,30,14,1014,7,25,25,11,30,4,10,26.0,26.0,26.0,27.0,0.0,0.0,48.0,21.9,79.3,78.0,80.0,B,10.8
2026-10-04T01:34,97,30,15,1013,4,29,29,10,16,11,10,26.0,26.0,26.0,27.0,0.0,0.0,48.0,22.0,80.0,78.0,80.0,B,10.8
2026-10-04T02:04,97,30,14,1013,4,29,29,10,28,11,10,26.0,26.0,26.0,27.0,0.0,0.0,48.0,22.1,80.6,78.0,81.0,B,10.8
2026-10-04T02:35,97,30,12,1012,4,29,29,9,50,0,10,25.2,25.0,26.0,27.0,0.0,0.0,48.0,21.5,81.6,78.0,82.0,B,10.8
2026-10-04T03:05,97,30,8,1012,4,25,29,9,20,5,10,25.0,25.0,26.0,27.0,0.0,0.0,49.0,21.4,82.0,78.0,82.0,B,10.8
2026-10-04T03:35,97,30,12,1012,4,29,29,9,24,2,10,25.7,25.0,26.0,27.0,0.0,0.0,50.0,21.9,81.1,78.0,82.0,B,10.8
2026-10-04T04:05,97,30,9,1012,4,18,29,9,20,5,10,25.0,25.0,26.0,27.0,0.0,0.0,50.0,21.2,81.0,78.0,82.0,B,10.8
2026-10-04T04:35,97,30,10,1012,0,29,29,9,32,0,10,25.0,25.0,26.0,27.0,0.0,0.0,50.0,21.2,81.0,78.0,82.0,B,10.8
2026-10-04T05:05,97,30,12,1012,4,25,29,9,16,8,10,25.0,25.0,26.0,27.0,0.0,0.0,50.0,21.2,81.0,78.0,82.0,B,10.8
2026-10-04T05:35,97,30,13,1013,4,29,29,10,40,4,10,25.0,25.0,26.0,27.0,0.0,0.0,50.0,21.1,80.7,78.0,82.0,B,10.8
2026-10-04T06:05,97,30,12,1013,4,25,29,9,44,6,10,25.0,25.0,26.0,27.0,0.0,0.0,50.0,21.1,80.4,78.0,82.0,B,10.8
2026-10-04T06:35,97,30,12,1013,4,25,29,10,36,3,15,25.0,25.0,26.0,27.0,0.0,0.0,50.0,21.2,81.0,78.0,82.0,B,10.8
2026-10-04T07:05,97,30,12,1014,4,25,29,10,52,8,50,25.1,25.0,26.0,27.0,0.0,0.0,50.0,21.3,80.9,78.0,82.0,B,11
2026-10-04T07:35,97,30,16,1014,7,32,32,12,16,9,109,26.0,25.0,26.0,27.0,0.0,0.0,50.0,21.9,79.5,78.0,82.0,E,11.4
2026-10-04T08:05,97,30,19,1015,7,36,36,14,10,9,197,26.1,25.0,27.0,27.0,0.0,0.0,50.0,21.6,77.4,76.0,82.0,E,11.6
2026-10-04T08:35,97,30,18,1015,7,36,36,15,26,9,252,27.0,25.0,27.0,27.0,0.0,0.0,50.0,21.9,74.5,72.0,82.0,E,12.2
2026-10-04T09:05,97,30,17,1016,7,36,36,15,56,3,257,27.0,25.0,27.0,27.0,0.0,0.0,50.0,21.4,72.2,71.0,82.0,E,12.6
2026-10-04T09:35,97,30,16,1016,4,40,40,15,20,8,350,28.0,25.0,28.0,27.0,0.0,0.0,51.0,22.0,69.9,68.0,82.0,E,12.8
2026-10-04T10:06,97,30,18,1016,7,36,40,15,62,8,484,28.9,25.0,29.0,27.0,0.0,0.0,51.0,22.1,66.0,64.0,82.0,E,12.8
2026-10-04T10:36,97,30,18,1016,0,36,40,15,54,9,606,29.9,25.0,30.0,27.0,0.0,0.0,51.0,22.4,62.3,61.0,82.0,E,12.8
2026-10-04T11:06,97,30,17,1016,4,40,40,15,2,11,416,30.0,25.0,30.0,27.0,0.0,0.0,51.0,22.2,61.1,60.0,82.0,E,12.2
2026-10-04T11:36,97,30,17,1016,7,36,40,15,28,12,322,30.0,25.0,30.0,27.0,0.0,0.0,51.0,22.2,61.0,60.0,82.0,E,12
2026-10-04T12:06,97,30,16,1016,4,36,40,15,56,4,315,30.0,25.0,30.0,27.0,0.0,0.0,51.0,22.2,61.0,60.0,82.0,E,12.4
2026-10-04T12:36,97,30,16,1015,4,40,40,15,44,4,349,30.6,25.0,31.0,27.0,0.0,0.0,50.0,22.5,59.6,59.0,82.0,E,12.4
2026-10-04T13:06,97,30,16,1015,7,32,40,15,30,3,446,31.0,25.0,32.0,27.0,0.0,0.0,50.0,22.6,58.0,57.0,82.0,E,12.8
2026-10-04T13:36,97,30,19,1015,7,36,40,15,62,6,476,31.6,25.0,32.0,27.0,0.0,0.0,50.0,22.8,56.1,55.0,82.0,E,12.8
2026-10-04T14:06,97,30,22,1015,7,43,43,15,50,6,603,32.1,25.0,33.0,27.0,0.0,0.0,50.0,23.0,54.7,53.0,82.0,E,12.8
2026-10-04T14:36,97,30,22,1015,7,50,50,15,30,4,556,32.8,25.0,33.0,27.0,0.0,0.0,50.0,23.4,53.0,51.0,82.0,E,12.8
2026-10-04T15:06,97,30,19,1014,7,43,50,15,70,7,350,32.0,25.0,33.0,27.0,0.0,0.0,50.0,22.8,54.0,51.0,82.0,E,13
2026-10-04T15:36,97,30,23,1013,11,50,50,15,34,8,355,32.0,25.0,33.0,27.0,0.0,0.0,50.0,22.7,53.5,51.0,82.0,E,12.8
2026-10-04T16:06,97,30,23,1013,11,43,50,15,22,5,510,32.6,25.0,33.0,27.0,0.0,0.0,50.0,23.1,52.5,51.0,82.0,E,12.4
2026-10-04T16:36,97,30,23,1013,11,43,50,15,72,6,325,32.8,25.0,33.0,27.0,0.0,0.0,50.0,23.2,52.2,51.0,82.0,E,12
2026-10-04T17:06,97,30,26,1013,11,50,50,15,52,3,235,32.2,25.0,33.0,27.0,0.0,0.0,50.0,23.0,54.0,51.0,82.0,E,11.6
2026-10-04T17:37,97,30,25,1012,7,50,50,15,52,8,89,31.2,25.0,33.0,27.0,0.0,0.0,49.0,22.5,56.5,51.0,82.0,B,11.2
2026-10-04T18:07,97,30,26,1011,7,47,50,15,66,7,30,30.5,25.0,33.0,27.0,0.0,0.0,48.0,22.3,58.8,51.0,82.0,B,11
2026-10-04T18:37,97,30,25,1011,11,61,61,15,46,7,10,29.6,25.0,33.0,27.0,0.0,0.0,48.0,21.9,61.4,51.0,82.0,B,11
2026-10-04T19:07,97,30,27,1012,4,54,61,15,40,9,9,28.4,25.0,33.0,27.0,0.0,0.0,48.0,21.5,65.6,51.0,82.0,B,11
2026-10-04T19:37,97,30,26,1012,4,47,61,15,32,7,9,27.5,25.0,33.0,27.0,0.0,0.0,48.0,21.4,69.6,51.0,82.0,B,11
2026-10-04T20:07,97,30,26,1013,7,50,61,15,48,5,9,27.0,25.0,33.0,27.0,0.0,0.0,48.0,21.3,71.5,51.0,82.0,B,11
2026-10-04T20:37,97,30,21,1013,7,47,61,15,34,9,9,27.0,25.0,33.0,27.0,0.0,0.0,48.0,21.5,72.4,51.0,82.0,B,10.8
2026-10-04T21:07,97,30,22,1013,11,43,61,15,40,8,9,26.8,25.0,33.0,27.0,0.0,0.0,48.0,21.4,73.0,51.0,82.0,B,10.8
2026-10-04T21:37,97,30,23,1013,4,43,61,14,18,7,9,26.0,25.0,33.0,27.0,0.0,0.0,48.0,20.8,74.0,51.0,82.0,B,10.8
2026-10-04T22:07,97,30,24,1014,11,47,61,14,34,9,9,26.0,25.0,33.0,27.0,0.0,0.0,48.0,20.8,74.0,51.0,82.0,B,10.8
2026-10-04T22:37,97,30,20,1014,7,43,61,14,22,6,9,26.0,25.0,33.0,27.0,0.0,0.0,48.0,20.8,74.0,51.0,82.0,B,10.8
2026-10-04T23:07,97,30,20,1014,7,36,61,14,18,7,9,26.0,25.0,33.0,27.3,0.0,0.0,48.0,20.8,74.1,51.0,82.0,B,10.8
2026-10-04T23:37,97,30,17,1014,7,32,61,14,26,11,9,26.0,25.0,33.0,27.6,0.0,0.0,48.0,20.8,74.0,51.0,82.0,B,10.8
2026-10-05T00:07,97,30,15,1014,4,32,32,14,24,7,9,26.0,26.0,26.0,27.9,0.0,0.0,48.0,20.8,74.0,74.0,74.0,B,10.8
2026-10-05T00:37,97,30,16,1013,4,32,32,14,36,2,10,25.5,25.0,26.0,28.0,0.0,0.0,48.0,20.5,74.8,74.0,75.0,B,10.8
2026-10-05T01:08,97,30,15,1013,4,29,32,14,30,4,10,25.0,25.0,26.0,28.0,0.0,0.0,49.0,20.1,75.5,74.0,76.0,B,10.8
2026-10-05T01:38,97,30,16,1012,7,36,36,13,36,10,10,25.0,25.0,26.0,28.0,0.0,0.0,50.0,20.3,76.5,74.0,77.0,B,10.8
2026-10-05T02:08,97,30,15,1011,4,36,36,13,20,7,10,25.0,25.0,26.0,28.0,0.0,0.0,50.0,20.6,77.8,74.0,78.0,B,10.8
2026-10-05T02:38,97,30,15,1011,4,40,40,12,40,3,10,24.9,24.0,26.0,27.8,0.0,0.0,50.0,20.6,78.4,74.0,80.0,B,10.8
2026-10-05T03:08,97,30,17,1011,4,36,40,12,26,7,10,24.0,24.0,26.0,27.2,0.0,0.0,50.0,20.0,79.9,74.0,81.0,B,10.8
2026-10-05T03:38,97,30,16,1011,4,32,40,11,2,12,10,24.0,24.0,26.0,27.0,0.0,0.0,50.0,20.2,80.9,74.0,82.0,B,10.8
2026-10-05T04:08,97,30,17,1011,7,36,40,11,16,10,10,24.0,24.0,26.0,27.0,0.0,0.0,50.0,20.3,81.5,74.0,82.0,B,10.8
2026-10-05T04:38,97,30,13,1011,4,25,40,10,44,10,10,24.0,24.0,26.0,27.0,0.0,0.0,50.0,20.4,81.9,74.0,82.0,B,10.8
2026-10-05T05:08,97,30,11,1011,4,25,40,10,22,3,10,24.0,24.0,26.0,27.0,0.0,0.0,50.0,20.4,82.0,74.0,82.0,B,10.8
2026-10-05T05:38,97,30,11,1011,0,25,40,9,44,5,10,24.0,24.0,26.0,27.0,0.0,0.0,50.0,20.4,82.0,74.0,82.0,B,10.8
2026-10-05T06:08,97,30,11,1012,4,22,40,8,14,8,10,24.0,24.0,26.0,27.0,0.0,0.0,51.0,20.4,82.2,74.0,83.0,B,10.8
2026-10-05T06:38,97,30,8,1012,0,25,40,9,4,5,31,24.0,24.0,26.0,27.0,0.0,0.0,51.0,20.4,82.0,74.0,83.0,B,10.8
2026-10-05T07:08,97,30,12,1013,4,29,40,12,4,9,125,24.7,24.0,26.0,27.0,0.0,0.0,51.0,21.0,81.5,74.0,83.0,E,11.4
2026-10-05T07:38,97,30,17,1013,7,36,40,14,30,6,224,25.0,24.0,26.0,27.0,0.0,0.0,51.0,21.0,79.9,74.0,83.0,E,11.4
2026-10-05T08:08,97,30,18,1014,7,32,40,15,24,3,338,25.9,24.0,26.0,27.0,0.0,0.0,51.0,21.4,77.7,74.0,83.0,E,11.6
2026-10-05T08:39,97,30,15,1015,4,29,40,15,10,7,461,27.0,24.0,28.0,27.0,0.0,0.0,51.0,22.0,74.8,73.0,83.0,E,11.6
2026-10-05T09:09,97,30,17,1015,4,32,40,15,304,2,580,27.6,24.0,28.0,27.0,0.0,0.0,51.0,21.8,71.2,70.0,83.0,E,11.8
2026-10-05T09:39,97,30,13,1015,0,29,40,15,2,8,678,28.7,24.0,29.0,27.0,0.0,0.0,51.0,22.2,67.4,66.0,83.0,E,12
2026-10-05T10:09,97,30,9,1016,0,22,40,15,304,3,639,29.8,24.0,30.0,27.0,0.0,0.0,51.0,22.7,64.5,63.0,83.0,E,12.2
2026-10-05T10:39,97,30,11,1016,0,29,40,15,16,6,758,30.7,24.0,31.0,27.0,0.0,0.0,51.0,22.9,61.0,58.0,83.0,E,12.2
2026-10-05T11:09,97,30,11,1015,0,36,40,15,110,6,904,31.4,24.0,32.0,27.0,0.0,0.0,51.0,22.9,57.6,55.0,83.0,E,12.2
2026-10-05T11:39,97,30,13,1015,0,32,40,15,34,7,772,32.3,24.0,33.0,27.0,0.0,0.0,51.0,23.3,54.8,53.0,83.0,E,12.2
2026-10-05T12:09,97,30,14,1015,0,32,40,15,70,7,737,33.3,24.0,34.0,27.0,0.0,0.0,51.0,23.6,51.6,49.0,83.0,E,12.2
2026-10-05T12:39,97,30,13,1015,0,32,40,15,112,8,968,34.0,24.0,34.0,27.0,0.0,0.0,51.0,23.8,49.2,48.0,83.0,E,12.2
2026-10-05T13:09,97,30,17,1015,4,43,43,15,74,5,946,34.5,24.0,35.0,27.0,0.0,0.0,50.0,23.9,46.9,46.0,83.0,E,12.4
2026-10-05T13:39,97,30,20,1014,4,47,47,15,86,7,904,35.1,24.0,36.0,27.0,0.0,0.0,50.0,24.1,45.2,44.0,83.0,E,12.2
2026-10-05T14:09,97,30,20,1014,4,61,61,15,56,11,843,35.5,24.0,36.0,27.0,0.0,0.0,50.0,24.4,44.7,43.0,83.0,E,12.2
2026-10-05T14:39,97,30,26,1013,7,61,61,15,56,10,764,35.6,24.0,36.0,27.0,0.0,0.0,50.0,24.3,43.5,43.0,83.0,E,12.4
2026-10-05T15:09,97,30,27,1013,4,58,61,15,80,10,662,35.4,24.0,36.0,27.0,0.0,0.0,50.0,24.4,44.8,42.0,83.0,E,12.4
2026-10-05T15:39,97,30,27,1013,7,50,61,15,46,8,559,34.9,24.0,36.0,27.0,0.0,0.0,49.0,23.9,45.1,42.0,83.0,E,12.2
2026-10-05T16:09,97,30,29,1012,11,58,61,15,40,10,448,34.0,24.0,36.0,27.0,0.0,0.0,48.0,23.2,45.8,42.0,83.0,E,12
2026-10-05T16:40,97,30,32,1012,11,58,61,15,56,8,328,33.3,24.0,36.0,27.7,0.0,0.0,48.0,22.9,47.9,42.0,83.0,E,11.6
